1,https://raw.githubusercontent.com/amfrost/p230-study/main/Q1_sample.jpg
2,https://raw.githubusercontent.com/amfrost/p230-study/main/Q2_sample.jpg
3,https://raw.githubusercontent.com/amfrost/p230-study/main/Q3_sample.jpg
4,https://raw.githubusercontent.com/amfrost/p230-study/main/Q4_sample.jpg
5,https://raw.githubusercontent.com/amfrost/p230-study/main/Q5_sample.jpg
6,https://raw.githubusercontent.com/amfrost/p230-study/main/Q6_sample.jpg
7,https://raw.githubusercontent.com/amfrost/p230-study/main/Q7_sample.jpg
8,https://raw.githubusercontent.com/amfrost/p230-study/main/Q8_sample.jpg
9,https://raw.githubusercontent.com/amfrost/p230-study/main/Q9_sample.jpg
10,https://raw.githubusercontent.com/amfrost/p230-study/main/Q10_sample.jpg
11,https://raw.githubusercontent.com/amfrost/p230-study/main/Q11_sample.jpg
12,https://raw.githubusercontent.com/amfrost/p230-study/main/Q12_sample.jpg
13,https://raw.githubusercontent.com/amfrost/p230-study/main/Q13_sample.jpg
14,https://raw.githubusercontent.com/amfrost/p230-study/main/Q14_sample.jpg
15,https://raw.githubusercontent.com/amfrost/p230-study/main/Q15_sample.jpg
16,https://raw.githubusercontent.com/amfrost/p230-study/main/Q16_sample.jpg
17,https://raw.githubusercontent.com/amfrost/p230-study/main/Q17_sample.jpg
18,https://raw.githubusercontent.com/amfrost/p230-study/main/Q18_sample.jpg
19,https://raw.githubusercontent.com/amfrost/p230-study/main/Q19_sample.jpg
20,https://raw.githubusercontent.com/amfrost/p230-study/main/Q20_sample.jpg
21,https://raw.githubusercontent.com/amfrost/p230-study/main/Q21_sample.jpg
22,https://raw.githubusercontent.com/amfrost/p230-study/main/Q22_sample.jpg
23,https://raw.githubusercontent.com/amfrost/p230-study/main/Q23_sample.jpg
24,https://raw.githubusercontent.com/amfrost/p230-study/main/Q24_sample.jpg
25,https://raw.githubusercontent.com/amfrost/p230-study/main/Q25_sample.jpg
26,https://raw.githubusercontent.com/amfrost/p230-study/main/Q26_sample.jpg
27,https://raw.githubusercontent.com/amfrost/p230-study/main/Q27_sample.jpg
28,https://raw.githubusercontent.com/amfrost/p230-study/main/Q28_sample.jpg
